height,weight,age,isManOfTheMatch,isActive,teamRegionName,apps,subOn,manOfTheMatch,goal,assistTotal,shotsPerGame,aerialWonPerGame,name,firstName,lastName,playerId,positionText,teamId,teamName,seasonName,isOpta,tournamentRegionName,tournamentName,rating,minsPlayed,yellowCard,redCard,passSuccess,ranking,originCountry
170,72,33,False,True,Spain,33,1,22,25,21,4.818181818181818,0.30303030303030304,Lionel Messi,Lionel,Messi,11119,Forward,65,Barcelona,2019/2020,True,Spain,LaLiga,8.714242424242425,2881,4,0,82.58227848101266,1,Argentina
185,84,29,False,True,Spain,35,0,3,4,3,1.2857142857142851,2.914285714285714,Casemiro,Carlos Henrique,Casimiro,88526,Midfielder,52,Real Madrid,2019/2020,True,Spain,LaLiga,7.471714285714287,3091,12,0,84.06874129122156,2,Brazil
185,81,33,False,True,Spain,37,1,10,21,8,3.351351351351351,0.7837837837837831,Karim Benzema,Karim,Benzema,14296,Forward,52,Real Madrid,2019/2020,True,Spain,LaLiga,7.436486486486486,3155,0,0,86.22568093385215,3,France
182,86,34,False,False,Spain,28,6,3,16,8,2.821428571428571,0.42857142857142805,Luis Suárez,Luis,Suárez,22221,Forward,65,Barcelona,2019/2020,True,Spain,LaLiga,7.332857142857143,2002,4,0,75.53516819571865,4,Uruguay
188,83,24,False,True,Spain,36,1,5,5,1,1.222222222222222,5.083333333333333,Mikel Merino,Mikel,Merino,238916,Midfielder,68,Real Sociedad,2019/2020,True,Spain,LaLiga,7.313333333333333,3144,9,0,75.80144777662875,5,Spain
180,77,29,False,True,Spain,35,2,6,18,5,2.542857142857142,1.6,Gerard Moreno,Gerard,Moreno,97659,Forward,839,Villarreal,2019/2020,True,Spain,LaLiga,7.307714285714287,2755,5,0,74.45482866043614,6,Spain
173,72,27,False,True,Spain,32,1,8,7,4,3.1875,0.9687500000000001,Nabil Fekir,Nabil,Fekir,134893,Forward,54,Real Betis,2019/2020,True,Spain,LaLiga,7.2240625,2652,6,2,83.92857142857143,7,France
184,76,26,False,True,Spain,35,0,5,6,0,1.2571428571428571,3.4,Saúl Ñíguez,Saúl,Ñíguez,112161,Midfielder,63,Atletico,2019/2020,True,Spain,LaLiga,7.220285714285713,3076,10,0,79.25659472422062,8,Spain
192,80,31,False,True,Spain,36,5,10,11,2,2.416666666666666,8.666666666666666,Joselu,Jose Luis,Mato Sanmartín,74603,Forward,60,Deportivo Alaves,2019/2020,True,Spain,LaLiga,7.215555555555554,2786,6,0,52.01654601861427,9,Spain
187,84,26,False,True,Spain,33,2,4,14,3,2.545454545454545,0.9090909090909091,Lucas Ocampos,Lucas,Ocampos,115587,Midfielder,67,Sevilla,2019/2020,True,Spain,LaLiga,7.21090909090909,2756,8,1,79.8569725864124,10,Argentina
184,83,34,False,True,Spain,35,2,6,15,1,2.314285714285714,6.057142857142857,Raúl García,Raúl,García,11386,Midfielder,53,Athletic Bilbao,2019/2020,True,Spain,LaLiga,7.206857142857143,2878,11,0,55.863539445628994,11,Spain
183,76,31,False,True,Spain,35,4,2,4,5,1.6285714285714281,0.342857142857142,Toni Kroos,Toni,Kroos,31772,Midfielder,52,Real Madrid,2019/2020,True,Spain,LaLiga,7.204000000000003,2656,2,0,93.4931506849315,12,Germany
173,73,29,False,True,Spain,31,0,3,1,5,0.6451612903225801,0.9354838709677411,Daniel Carvajal,Daniel,Carvajal,106883,Defender,52,Real Madrid,2019/2020,True,Spain,LaLiga,7.176129032258066,2741,11,0,86.61654135338345,13,Spain
168,65,36,False,False,Spain,35,6,2,11,9,1.4,0.342857142857142,Santi Cazorla,Santiago,Cazorla,4522,Midfielder,839,Villarreal,2019/2020,True,Spain,LaLiga,7.16857142857143,2461,3,0,86.38676844783714,14,Spain
172,81,27,False,True,Spain,20,2,5,9,2,3.45,3.05,Chimy Avila,Ezequiel,Ávila,303707,Forward,131,Osasuna,2019/2020,True,Spain,LaLiga,7.156499999999999,1593,6,0,57.24137931034483,15,Argentina
174,71,28,False,False,Spain,29,4,4,4,1,1.103448275862069,0.9310344827586201,Rafinha,Rafael,Alcántara do Nascimento,106590,Midfielder,62,Celta Vigo,2019/2020,True,Spain,LaLiga,7.126896551724139,2121,5,0,87.109375,16,Brazil
178,68,22,False,False,Spain,31,2,4,4,6,1.612903225806451,0.32258064516129004,Martin Ødegaard,Martin,Ødegaard,247454,Midfielder,68,Real Sociedad,2019/2020,True,Spain,LaLiga,7.104516129032257,2533,3,0,84.73895582329317,17,Norway
174,77,32,False,False,Spain,33,5,4,3,7,1.212121212121212,0.48484848484848403,Éver Banega,Éver,Banega,33724,Midfielder,67,Sevilla,2019/2020,True,Spain,LaLiga,7.096969696969697,2483,10,0,86.02442333785618,18,Argentina
178,68,24,False,False,Spain,31,2,2,2,4,0.9032258064516121,1.290322580645161,Sergio Reguilón,Sergio,Reguilón,362275,Defender,67,Sevilla,2019/2020,True,Spain,LaLiga,7.096129032258064,2509,8,0,81.42857142857143,19,Spain
185,77,27,False,False,Spain,35,6,4,3,0,0.914285714285714,1.9142857142857141,Thomas Partey,Thomas,Partey,238940,Midfielder,63,Atletico,2019/2020,True,Spain,LaLiga,7.081428571428573,2553,13,0,83.38423946243128,20,Ghana
184,82,35,False,True,Spain,35,0,1,11,0,1.114285714285714,2.0,Sergio Ramos,Sergio,Ramos,9909,Defender,52,Real Madrid,2019/2020,True,Spain,LaLiga,7.074285714285715,3017,10,0,91.02325581395348,21,Spain
189,76,32,False,True,Spain,33,4,1,2,2,0.30303030303030304,1.151515151515151,Sergio Busquets,Sergio,Busquets,44721,Midfielder,65,Barcelona,2019/2020,True,Spain,LaLiga,7.070303030303031,2491,10,0,89.90291262135922,22,Spain
184,78,25,False,False,Spain,36,8,5,2,0,0.833333333333333,2.25,André-Frank Zambo Anguissa,André-Frank,Zambo Anguissa,349561,Midfielder,839,Villarreal,2019/2020,True,Spain,LaLiga,7.063055555555555,2582,6,0,87.81656399726215,23,Cameroon
181,78,24,False,True,Spain,37,1,5,10,11,1.675675675675675,1.3243243243243241,Mikel Oyarzabal,Mikel,Oyarzabal,298839,Forward,68,Real Sociedad,2019/2020,True,Spain,LaLiga,7.048378378378379,3063,4,0,77.50965250965251,24,Spain
194,85,34,False,True,Spain,35,0,1,1,0,0.4,3.685714285714285,Gerard Piqué,Gerard,Piqué,12712,Defender,65,Barcelona,2019/2020,True,Spain,LaLiga,7.033142857142858,3096,15,0,91.7568071615069,25,Spain
176,77,29,False,True,Spain,32,2,1,4,5,0.7187500000000001,0.875,Koke,Jorge,Resurrección,80764,Midfielder,63,Atletico,2019/2020,True,Spain,LaLiga,7.0178125,2699,5,0,85.21897810218978,26,Spain
182,74,32,False,False,Spain,35,0,6,8,3,0.9714285714285711,0.48571428571428504,Daniel Parejo,Daniel,Parejo,28186,Midfielder,55,Valencia,2019/2020,True,Spain,LaLiga,7.013999999999998,3030,4,1,86.30686886708297,27,Spain
172,66,35,False,True,Spain,31,9,4,3,7,0.9677419354838711,0.35483870967741904,Luka Modric,Luka,Modric,20874,Midfielder,52,Real Madrid,2019/2020,True,Spain,LaLiga,7.005806451612903,1998,7,1,88.55291576673866,28,Croatia
180,73,25,False,True,Spain,25,6,0,1,2,0.28,1.04,Ferland Mendy,Ferland,Mendy,296337,Defender,52,Real Madrid,2019/2020,True,Spain,LaLiga,7.005599999999999,1806,6,1,87.90882061446978,29,France
179,70,27,False,True,Spain,37,2,1,2,7,1.189189189189189,1.162162162162162,José Campaña,José,Campaña,91214,Midfielder,832,Levante,2019/2020,True,Spain,LaLiga,6.995405405405405,3160,2,1,81.4454126089185,30,Spain
182,78,26,False,True,Spain,32,0,1,0,0,0.375,3.4375,Yeray Álvarez,Yeray,Álvarez,279839,Defender,53,Athletic Bilbao,2019/2020,True,Spain,LaLiga,6.993125000000001,2811,2,0,78.33787465940054,31,Spain
178,71,30,False,True,Spain,25,2,0,0,4,0.12,1.08,Kieran Trippier,Kieran,Trippier,83078,Defender,63,Atletico,2019/2020,True,Spain,LaLiga,6.992399999999998,1981,2,0,76.7268862911796,32,England
176,67,33,False,True,Spain,37,0,2,14,3,2.27027027027027,0.8108108108108101,Iago Aspas,Iago,Aspas,91242,Forward,62,Celta Vigo,2019/2020,True,Spain,LaLiga,6.987297297297297,3268,9,0,77.02060221870047,33,Spain
191,81,28,False,True,Spain,32,0,1,2,1,0.34375000000000006,2.53125,Raphael Varane,Raphael,Varane,93206,Defender,52,Real Madrid,2019/2020,True,Spain,LaLiga,6.983749999999998,2823,2,0,87.30538922155688,34,France
182,78,29,False,True,Spain,36,0,2,0,0,0.0,0.36111111111111105,Aitor Fernández,Aitor,Fernández,91194,Goalkeeper,832,Levante,2019/2020,True,Spain,LaLiga,6.972222222222222,3240,2,0,61.51315789473685,35,Spain
176,73,30,False,True,Spain,35,4,1,9,4,1.5714285714285712,0.8571428571428571,Antoine Griezmann,Antoine,Griezmann,80241,Forward,65,Barcelona,2019/2020,True,Spain,LaLiga,6.971714285714288,2562,2,0,81.82632050134289,36,France
190,83,31,False,True,Spain,25,2,1,1,0,0.76,3.8,Felipe,Felipe Augusto,de Almeida Monteiro,102173,Defender,63,Atletico,2019/2020,True,Spain,LaLiga,6.969599999999999,2099,7,0,76.76438653637351,37,Brazil
183,76,33,False,True,Spain,34,4,1,2,3,0.44117647058823506,2.235294117647059,Fernando,Fernando Francisco,Reges,31958,Midfielder,67,Sevilla,2019/2020,True,Spain,LaLiga,6.964411764705882,2658,13,0,87.60383386581469,38,Brazil
184,78,23,False,True,Spain,30,2,1,2,3,1.133333333333333,2.666666666666666,Yangel Herrera,Yangel,Herrera,318505,Midfielder,925,Granada,2019/2020,True,Spain,LaLiga,6.9510000000000005,2376,14,0,75.21834061135371,39,Venezuela
175,69,25,False,True,Spain,21,7,3,5,2,2.1428571428571432,1.142857142857142,Munir El Haddadi,Munir,El Haddadi,143158,Forward,67,Sevilla,2019/2020,True,Spain,LaLiga,6.948095238095239,1256,1,0,78.97196261682244,40,Spain
184,74,26,False,True,Spain,34,7,2,2,2,0.8529411764705881,1.0,Joan Jordán,Joan,Jordán,238941,Midfielder,67,Sevilla,2019/2020,True,Spain,LaLiga,6.941764705882354,2267,8,0,87.28149487643158,41,Spain
181,79,31,False,True,Spain,33,1,1,2,1,1.06060606060606,1.636363636363636,Yuri Berchiche,Yuri,Berchiche,56057,Defender,53,Athletic Bilbao,2019/2020,True,Spain,LaLiga,6.938787878787878,2853,7,0,81.76149649259547,42,Spain
190,75,29,False,False,Spain,35,2,3,13,2,1.6,4.685714285714286,Ante Budimir,Ante,Budimir,98126,Forward,51,Mallorca,2019/2020,True,Spain,LaLiga,6.917142857142857,2782,12,0,64.01384083044984,43,Croatia
170,64,35,False,False,Spain,29,1,2,8,7,1.448275862068965,0.5862068965517241,Fabián Orellana,Fabián,Orellana,25714,Midfielder,824,Eibar,2019/2020,True,Spain,LaLiga,6.909655172413793,2398,9,1,76.92307692307693,44,Chile
175,73,23,False,False,Spain,36,4,4,1,5,0.527777777777777,1.222222222222222,Pervis Estupiñán,Pervis,Estupiñán,298694,Defender,131,Osasuna,2019/2020,True,Spain,LaLiga,6.905555555555556,2978,9,0,74.58952306489445,45,Ecuador
185,79,28,False,True,Spain,35,0,1,2,0,0.6000000000000001,2.771428571428571,Diego Carlos,Diego Carlos,Santos Silva,134984,Defender,67,Sevilla,2019/2020,True,Spain,LaLiga,6.90457142857143,3135,7,0,84.1745531019979,46,Brazil
170,68,28,False,True,Spain,36,16,2,7,5,2.0,0.611111111111111,Darwin Machís,Darwin,Machís,107567,Forward,925,Granada,2019/2020,True,Spain,LaLiga,6.900555555555555,2130,5,0,72.41379310344827,47,Venezuela
182,76,29,False,True,Spain,33,0,0,1,1,0.818181818181818,3.606060606060606,Íñigo Martínez,Íñigo,Martínez,106885,Defender,53,Athletic Bilbao,2019/2020,True,Spain,LaLiga,6.90030303030303,2970,10,0,77.94701986754967,48,Spain
184,70,30,False,True,Spain,30,1,2,3,1,0.766666666666666,3.4,Marc Bartra,Marc,Bartra,83686,Defender,54,Real Betis,2019/2020,True,Spain,LaLiga,6.895999999999999,2527,8,0,85.27827648114902,49,Spain
186,81,25,False,True,Spain,28,0,0,2,1,0.35714285714285704,2.285714285714285,Clément Lenglet,Clément,Lenglet,236511,Defender,65,Barcelona,2019/2020,True,Spain,LaLiga,6.895714285714286,2428,7,2,92.33644859813084,50,France
171,72,27,False,True,Spain,30,5,2,8,2,1.866666666666666,0.9,Rubén García,Rubén,García,119189,Midfielder,131,Osasuna,2019/2020,True,Spain,LaLiga,6.8953333333333315,2197,6,0,75.37399309551208,51,Spain
182,74,31,False,True,Spain,28,1,2,1,1,0.8571428571428571,1.8214285714285712,Cote,José Ángel,Valdés Díaz,70216,Defender,824,Eibar,2019/2020,True,Spain,LaLiga,6.892857142857143,2362,4,0,69.95121951219512,52,Spain
179,75,39,False,True,Spain,34,9,2,8,3,1.0,0.529411764705882,Joaquín,Joaquín,Sánchez Rodríguez,3283,Midfielder,54,Real Betis,2019/2020,True,Spain,LaLiga,6.889117647058823,2071,4,0,84.06488549618321,53,Spain
190,84,28,False,False,Spain,34,9,4,12,2,2.029411764705882,3.852941176470588,Álvaro Morata,Álvaro,Morata,91213,Forward,63,Atletico,2019/2020,True,Spain,LaLiga,6.882941176470587,2105,4,1,64.38631790744466,54,Spain
172,60,35,False,True,Spain,38,1,2,0,7,0.28947368421052605,0.47368421052631504,Jesús Navas,Jesús,Navas,9446,Defender,67,Sevilla,2019/2020,True,Spain,LaLiga,6.882368421052632,3371,4,0,80.23598820058997,55,Spain
176,65,30,False,True,Spain,36,0,2,6,6,1.444444444444444,0.16666666666666602,Sergio Canales,Sergio,Canales,44189,Midfielder,54,Real Betis,2019/2020,True,Spain,LaLiga,6.878055555555554,3167,5,0,88.39458413926499,56,Spain
175,75,29,False,True,Spain,35,3,2,3,4,0.457142857142857,1.2857142857142851,Ander Capa,Ander,Capa,130377,Defender,53,Athletic Bilbao,2019/2020,True,Spain,LaLiga,6.876,2875,10,0,75.13089005235602,57,Spain
170,68,32,False,True,Spain,27,2,0,2,5,0.259259259259259,0.22222222222222202,Jordi Alba,Jordi,Alba,44288,Defender,65,Barcelona,2019/2020,True,Spain,LaLiga,6.874814814814815,2190,7,0,88.62683438155136,58,Spain
178,70,22,False,True,Spain,29,4,0,1,1,0.7931034482758621,3.241379310344827,Jules Koundé,Jules,Koundé,301019,Defender,67,Sevilla,2019/2020,True,Spain,LaLiga,6.870000000000001,2307,6,0,85.91160220994475,59,France
182,76,30,False,True,Spain,28,6,4,4,4,2.1428571428571432,0.75,Rubén Rochina,Rubén,Rochina,91273,Midfielder,832,Levante,2019/2020,True,Spain,LaLiga,6.864285714285714,1887,5,0,76.08200455580865,60,Spain
176,73,22,False,False,Spain,22,5,2,5,1,2.045454545454545,2.590909090909091,Cucho Hernández,Juan Camilo,Hernández Suárez,362501,Forward,51,Mallorca,2019/2020,True,Spain,LaLiga,6.863636363636362,1494,3,1,68.18181818181817,61,Colombia
184,71,32,False,True,Spain,36,3,2,1,5,0.44444444444444403,1.8611111111111112,Víctor Díaz,Víctor,Díaz,34525,Defender,925,Granada,2019/2020,True,Spain,LaLiga,6.859444444444446,2887,4,0,67.08520179372198,62,Spain
188,86,30,False,True,Spain,35,11,2,6,1,1.6285714285714281,4.228571428571429,Luuk de Jong,Luuk,de Jong,68585,Forward,67,Sevilla,2019/2020,True,Spain,LaLiga,6.856857142857143,2063,2,0,69.31818181818183,63,Netherlands
176,69,27,False,True,Spain,26,6,1,1,5,0.7307692307692301,0.192307692307692,Denis Suárez,Denis,Suárez,106525,Midfielder,62,Celta Vigo,2019/2020,True,Spain,LaLiga,6.855384615384616,1636,3,0,80.86500655307994,64,Spain
178,68,29,False,True,Spain,30,3,0,1,2,0.2,1.0,Sergi Roberto,Sergi,Roberto,90782,Defender,65,Barcelona,2019/2020,True,Spain,LaLiga,6.854666666666666,2342,7,0,91.75769612711024,65,Spain
183,81,30,False,True,Spain,27,7,2,2,2,1.222222222222222,1.8518518518518512,Rubén Alcaraz,Rubén,Alcaraz,279711,Midfielder,58,Real Valladolid,2019/2020,True,Spain,LaLiga,6.849259259259259,1926,10,0,79.38044530493707,66,Spain
180,74,23,False,True,Spain,29,5,2,2,2,0.137931034482758,0.482758620689655,Frenkie de Jong,Frenkie,de Jong,279423,Midfielder,65,Barcelona,2019/2020,True,Spain,LaLiga,6.846896551724138,2121,1,1,91.80929095354523,67,Netherlands
199,96,28,False,True,Spain,34,0,0,0,0,0.029411764705882002,0.14705882352941102,Thibaut Courtois,Thibaut,Courtois,73798,Goalkeeper,52,Real Madrid,2019/2020,True,Spain,LaLiga,6.844117647058825,3060,1,0,75.05668934240363,68,Belgium
172,61,33,False,True,Spain,31,0,3,1,4,0.6774193548387091,1.290322580645161,Damián Suárez,Damián,Suárez,83705,Defender,819,Getafe,2019/2020,True,Spain,LaLiga,6.840645161290322,2599,15,1,64.9425287356322,69,Uruguay
185,72,24,False,False,Spain,34,13,4,10,3,1.3823529411764701,3.058823529411764,Carlos Fernández,Carlos,Fernández,140812,Forward,925,Granada,2019/2020,True,Spain,LaLiga,6.838235294117645,2195,8,0,59.6694214876033,70,Spain
171,73,24,False,False,Spain,21,7,0,3,3,0.38095238095238004,0.14285714285714202,Arthur,Arthur Henrique,Ramos de Oliveira Melo,284114,Midfielder,65,Barcelona,2019/2020,True,Spain,LaLiga,6.8380952380952404,1185,1,0,91.54375614552606,71,Brazil
190,72,24,False,True,Spain,20,1,2,2,0,0.5,2.8,Joaquín Fernández,Joaquín,Fernández,365371,Midfielder,58,Real Valladolid,2019/2020,True,Spain,LaLiga,6.8375,1661,9,0,78.83870967741935,72,Spain
178,72,32,False,True,Spain,36,5,4,7,8,2.166666666666666,0.805555555555555,Roberto Torres,Roberto,Torres,109349,Midfielder,131,Osasuna,2019/2020,True,Spain,LaLiga,6.833055555555556,2723,1,0,70.4812834224599,73,Spain
180,75,33,False,False,Spain,33,17,1,8,2,0.757575757575757,0.9696969696969691,Arturo Vidal,Arturo,Vidal,25008,Midfielder,65,Barcelona,2019/2020,True,Spain,LaLiga,6.832121212121213,1663,4,0,88.379705400982,74,Chile
189,87,31,False,True,Spain,34,0,1,0,0,0.0,0.23529411764705802,Sergio Asenjo,Sergio,Asenjo,32258,Goalkeeper,839,Villarreal,2019/2020,True,Spain,LaLiga,6.828529411764706,3060,2,0,67.54285714285714,75,Spain
178,65,26,False,False,Spain,20,6,2,1,4,1.35,0.85,Jason,David,Remeseiro Salgueiro,131051,Midfielder,819,Getafe,2019/2020,True,Spain,LaLiga,6.827500000000001,1184,5,0,63.60655737704918,76,Spain
172,66,22,False,True,Spain,37,0,1,1,5,0.8108108108108101,1.486486486486486,Marc Cucurella,Marc,Cucurella,363496,Midfielder,819,Getafe,2019/2020,True,Spain,LaLiga,6.824594594594595,3250,9,0,67.85079928952042,77,Spain
181,83,30,False,True,Spain,23,2,0,3,0,0.347826086956521,2.913043478260869,Pedro Bigas,Pedro,Bigas,108100,Defender,824,Eibar,2019/2020,True,Spain,LaLiga,6.82391304347826,1779,2,0,67.88321167883211,78,Spain
170,70,27,False,False,Spain,26,4,2,1,2,0.884615384615384,0.846153846153846,Kévin Rodrigues,Kévin Manuel,Rodrigues,114170,Defender,825,Leganes,2019/2020,True,Spain,LaLiga,6.821538461538462,1934,4,1,73.16636851520573,79,Portugal
181,79,22,False,True,Spain,33,1,0,3,6,0.7878787878787871,1.969696969696969,Emerson,Emerson Aparecido,Leite de Souza Junior,328512,Defender,54,Real Betis,2019/2020,True,Spain,LaLiga,6.819999999999999,2841,11,0,79.05138339920948,80,Brazil
190,79,27,False,False,Spain,26,2,1,0,2,0.461538461538461,3.192307692307692,Okay Yokuslu,Okay,Yokuslu,93805,Midfielder,62,Celta Vigo,2019/2020,True,Spain,LaLiga,6.818461538461538,1979,6,0,81.28544423440454,81,Turkey
185,80,26,False,True,Spain,21,2,1,0,0,0.5238095238095231,2.619047619047619,José Giménez,José,Giménez,135914,Defender,63,Atletico,2019/2020,True,Spain,LaLiga,6.815714285714286,1753,2,0,85.66739606126916,82,Uruguay
176,70,28,False,True,Spain,30,1,0,0,2,0.23333333333333303,2.533333333333333,Joseba Zaldua,Joseba,Zaldua,135911,Defender,68,Real Sociedad,2019/2020,True,Spain,LaLiga,6.8146666666666675,2551,6,1,77.28813559322035,83,Spain
174,67,22,False,False,Spain,30,8,4,9,2,2.066666666666667,0.7000000000000001,Óscar Rodríguez,Óscar,Rodríguez,353783,Midfielder,825,Leganes,2019/2020,True,Spain,LaLiga,6.806666666666666,1925,6,1,73.7215909090909,84,Spain
187,76,32,False,True,Spain,19,2,0,0,0,0.31578947368421,1.947368421052631,Maxime Gonalons,Maxime,Gonalons,79560,Midfielder,925,Granada,2019/2020,True,Spain,LaLiga,6.805263157894735,1509,7,0,81.13207547169812,85,France
170,65,28,False,True,Spain,31,5,1,5,2,0.8709677419354831,0.41935483870967705,Iker Muniain,Iker,Muniain,77922,Forward,53,Athletic Bilbao,2019/2020,True,Spain,LaLiga,6.798709677419355,2394,4,1,86.57453109575518,86,Spain
182,80,27,False,True,Spain,29,0,1,1,0,0.413793103448275,2.93103448275862,Rúben Vezo,Rúben Miguel,Nunes Vezo,130356,Defender,832,Levante,2019/2020,True,Spain,LaLiga,6.796551724137932,2610,4,0,80.73394495412845,87,Portugal
170,68,25,False,True,Spain,26,2,0,1,4,1.076923076923076,0.846153846153846,Unai López,Unai,López,236575,Midfielder,53,Athletic Bilbao,2019/2020,True,Spain,LaLiga,6.7965384615384625,1804,6,0,87.25314183123878,88,Spain
177,67,27,False,False,Spain,32,8,0,1,2,0.25,0.40625000000000006,Nélson Semedo,Nélson,Cabral Semedo,296363,Defender,65,Barcelona,2019/2020,True,Spain,LaLiga,6.794687499999998,2097,2,0,89.47368421052632,89,Portugal
186,77,32,False,True,Spain,29,0,0,3,0,0.413793103448275,3.310344827586207,Aridane Hernández,Aridane,Hernández,93492,Defender,131,Osasuna,2019/2020,True,Spain,LaLiga,6.791379310344829,2610,8,0,76.26774847870182,90,Spain
184,78,23,False,True,Spain,24,3,2,0,1,0.25,3.041666666666666,Mathías Olivera,Mathías,Olivera,347178,Defender,819,Getafe,2019/2020,True,Spain,LaLiga,6.786249999999999,1872,5,1,53.565505804311776,91,Uruguay
191,82,22,False,False,Spain,31,1,1,1,1,0.22580645161290303,2.548387096774193,Mohammed Salisu,Mohammed,Salisu,362357,Defender,58,Real Valladolid,2019/2020,True,Spain,LaLiga,6.785483870967742,2726,4,0,80.70652173913044,92,Ghana
172,67,25,False,True,Spain,30,7,3,7,2,1.9333333333333331,0.2,Enis Bardhi,Enis,Bardhi,275687,Midfielder,832,Levante,2019/2020,True,Spain,LaLiga,6.772999999999998,2114,5,0,76.90355329949239,93,North Macedonia
190,80,33,False,True,Spain,34,1,0,1,2,0.617647058823529,2.823529411764706,Vicente Iborra,Vicente,Iborra,34052,Midfielder,839,Villarreal,2019/2020,True,Spain,LaLiga,6.7717647058823545,2663,10,1,85.62456385205863,94,Spain
185,79,32,False,True,Spain,34,1,3,11,3,1.7058823529411762,3.088235294117647,Jaime Mata,Jaime,Mata,140771,Forward,819,Getafe,2019/2020,True,Spain,LaLiga,6.768529411764706,2759,14,0,66.33522727272727,95,Spain
178,71,32,False,True,Spain,37,1,2,5,2,1.378378378378378,0.9189189189189191,Dani Rodríguez,Daniel José,Rodríguez Vázquez,6227,Midfielder,51,Mallorca,2019/2020,True,Spain,LaLiga,6.765675675675674,3048,7,0,82.83378746594006,96,Spain
183,77,29,False,True,Spain,36,9,1,7,3,1.222222222222222,1.75,Antonio Puertas,José Antonio,Rodríguez Díaz,127802,Midfielder,925,Granada,2019/2020,True,Spain,LaLiga,6.761944444444444,2565,7,0,71.95845697329378,97,Spain
173,68,23,False,True,Spain,32,4,1,1,2,0.5625,0.9062500000000001,Renan Lodi,Renan Augusto,Lodi dos Santos,326646,Defender,63,Atletico,2019/2020,True,Spain,LaLiga,6.76125,2399,4,1,79.02097902097903,98,Brazil
188,87,29,False,True,Spain,34,2,0,1,2,0.38235294117647,2.470588235294117,Néstor Araújo,Néstor,Araújo,88191,Defender,62,Celta Vigo,2019/2020,True,Spain,LaLiga,6.760588235294119,2892,10,0,84.91295938104449,99,Mexico
182,77,30,False,False,Spain,27,4,0,4,7,1.5185185185185182,1.074074074074074,Rodrigo,Rodrigo,Moreno,83459,Forward,55,Valencia,2019/2020,True,Spain,LaLiga,6.758518518518519,1889,2,1,76.66666666666667,100,Spain
187,81,30,False,True,Spain,22,0,2,0,0,0.13636363636363602,2.954545454545454,Stefan Savic,Stefan,Savic,77564,Defender,63,Atletico,2019/2020,True,Spain,LaLiga,6.755454545454546,1980,6,0,81.4018691588785,101,Montenegro
170,65,29,False,True,Spain,26,5,4,2,2,0.23076923076923,0.807692307692307,Rubén Peña,Rubén,Peña,118479,Midfielder,839,Villarreal,2019/2020,True,Spain,LaLiga,6.7553846153846155,1906,5,0,80.56918547595681,102,Spain
185,80,31,False,True,Spain,21,9,0,0,2,0.6666666666666661,1.333333333333333,Héctor Herrera,Héctor,Herrera,103476,Midfielder,63,Atletico,2019/2020,True,Spain,LaLiga,6.751904761904763,1120,1,0,87.73333333333333,103,Mexico
188,80,28,False,False,Spain,27,6,2,1,1,0.703703703703703,1.481481481481481,Geoffrey Kondogbia,Geoffrey,Kondogbia,91978,Midfielder,55,Valencia,2019/2020,True,Spain,LaLiga,6.751111111111111,1807,6,0,84.14414414414414,104,Central African Republic
185,72,27,False,True,Spain,32,1,2,0,0,0.5625,5.0625,David García,David,García,240874,Defender,131,Osasuna,2019/2020,True,Spain,LaLiga,6.746875000000001,2792,7,0,70.49441786283892,105,Spain
173,67,19,False,False,Spain,35,12,1,4,4,1.5714285714285712,0.342857142857142,Takefusa Kubo,Takefusa,Kubo,377285,Midfielder,51,Mallorca,2019/2020,True,Spain,LaLiga,6.746571428571428,2309,4,0,75.25773195876289,106,Japan
187,74,35,False,True,Spain,36,0,0,1,0,0.416666666666666,2.25,Raúl Albiol,Raúl,Albiol,12575,Defender,839,Villarreal,2019/2020,True,Spain,LaLiga,6.741666666666667,3238,9,0,83.9506172839506,107,Spain
178,72,34,False,True,Spain,29,2,1,2,1,0.620689655172413,2.827586206896551,Oier Sanjurjo,Oier,Sanjurjo,25932,Defender,131,Osasuna,2019/2020,True,Spain,LaLiga,6.736551724137932,2329,12,1,70.49847405900304,108,Spain
180,75,26,False,True,Spain,30,4,1,0,0,0.5666666666666661,1.566666666666666,Nacho Vidal,Ignacio,Vidal Miralles,335790,Defender,131,Osasuna,2019/2020,True,Spain,LaLiga,6.735333333333331,2332,5,0,69.92715920915713,109,Spain
175,74,25,False,True,Spain,35,1,0,1,1,1.342857142857142,2.085714285714286,Mauro Arambarri,Mauro,Arambarri,303016,Midfielder,819,Getafe,2019/2020,True,Spain,LaLiga,6.733142857142855,3072,9,1,67.85714285714286,110,Uruguay
178,66,18,False,True,Spain,24,13,0,7,1,1.375,0.33333333333333304,Ansu Fati,Anssumane,Fati,382234,Forward,65,Barcelona,2019/2020,True,Spain,LaLiga,6.729583333333333,1027,2,1,85.65737051792829,111,Spain
177,73,29,False,False,Spain,24,3,1,6,2,1.75,2.125,Martin Braithwaite,Martin,Braithwaite,73494,Forward,825,Leganes,2019/2020,True,Spain,LaLiga,6.729166666666667,1936,3,0,68.14404432132964,112,Denmark
182,78,22,False,True,Spain,33,12,0,2,5,0.6666666666666661,0.757575757575757,Federico Valverde,Federico,Valverde,344644,Midfielder,52,Real Madrid,2019/2020,True,Spain,LaLiga,6.726666666666667,1906,1,0,88.24074074074075,113,Uruguay
184,77,21,False,False,Spain,34,8,1,4,5,0.9705882352941171,1.235294117647058,Ferran Torres,Ferran,Torres,349760,Forward,55,Valencia,2019/2020,True,Spain,LaLiga,6.724117647058822,2260,4,0,78.40735068912711,114,Spain
187,78,23,False,False,Spain,35,12,2,6,2,1.714285714285714,3.771428571428571,Enes Ünal,Enes,Ünal,134695,Forward,58,Real Valladolid,2019/2020,True,Spain,LaLiga,6.7202857142857155,2341,4,0,64.33224755700326,115,Turkey
187,81,29,False,True,Spain,26,3,0,1,0,0.461538461538461,3.346153846153846,Paulo Oliveira,Paulo André,Rodrigues de Oliveira,83475,Defender,824,Eibar,2019/2020,True,Spain,LaLiga,6.717307692307694,2090,5,1,66.18876941457586,116,Portugal
185,83,32,False,True,Spain,24,0,1,0,1,0.0,0.291666666666666,Jasper Cillessen,Jasper,Cillessen,90811,Goalkeeper,55,Valencia,2019/2020,True,Spain,LaLiga,6.715833333333333,2097,1,0,56.84380032206119,117,Netherlands
174,64,20,False,True,Spain,19,7,0,2,0,0.842105263157894,0.47368421052631504,Rodrygo,Rodrygo,Silva de Goes,347862,Forward,52,Real Madrid,2019/2020,True,Spain,LaLiga,6.715789473684211,1023,0,0,87.88546255506607,118,Brazil
179,72,35,False,True,Spain,29,2,1,2,0,0.6551724137931031,1.8275862068965512,Nacho Monreal,Ignacio,Monreal,23072,Defender,68,Real Sociedad,2019/2020,True,Spain,LaLiga,6.714137931034482,2393,3,0,83.51851851851852,119,Spain
189,78,26,False,True,Spain,35,2,2,2,0,0.9714285714285711,2.1428571428571432,Nemanja Maksimovic,Nemanja,Maksimovic,296367,Midfielder,819,Getafe,2019/2020,True,Spain,LaLiga,6.7125714285714295,2898,5,0,70.38567493112947,120,Serbia
187,82,34,False,True,Spain,28,2,1,2,0,0.35714285714285704,3.107142857142857,Germán Sánchez,Germán,Sánchez,381670,Defender,925,Granada,2019/2020,True,Spain,LaLiga,6.711428571428571,2295,10,1,78.27004219409282,121,Spain
176,71,26,False,True,Spain,37,11,1,5,4,0.972972972972973,0.40540540540540504,Moi Gómez,Moisés,Gómez Bardonado,101238,Midfielder,839,Villarreal,2019/2020,True,Spain,LaLiga,6.710540540540541,2330,1,0,84.27073403241182,122,Spain
180,82,32,False,True,Spain,34,5,2,11,5,1.411764705882353,0.323529411764705,Lucas Pérez,Lucas,Pérez,135663,Forward,60,Deportivo Alaves,2019/2020,True,Spain,LaLiga,6.707941176470588,2504,4,0,71.10332749562171,123,Spain
185,72,30,False,True,Spain,33,2,0,1,1,0.24242424242424201,2.484848484848485,Gabriel Paulista,Gabriel Armando,de Abreu,76810,Defender,55,Valencia,2019/2020,True,Spain,LaLiga,6.705757575757575,2803,5,0,88.14814814814815,124,Brazil
191,91,27,False,True,Spain,35,0,2,0,0,0.0,0.171428571428571,Rui Silva,Rui Tiago,Dantas da Silva,141833,Goalkeeper,925,Granada,2019/2020,True,Spain,LaLiga,6.703999999999999,3150,3,0,52.245250431778935,125,Portugal
176,79,29,False,True,Spain,23,8,1,1,2,1.0,0.30434782608695604,Isco,Francisco Román,Alarcón Suárez,82989,Midfielder,52,Real Madrid,2019/2020,True,Spain,LaLiga,6.698695652173913,1190,2,0,88.02469135802468,126,Spain
173,69,29,False,True,Spain,27,5,2,0,1,0.22222222222222202,1.555555555555555,Hugo Mallo,Hugo,Mallo,79929,Defender,62,Celta Vigo,2019/2020,True,Spain,LaLiga,6.6974074074074075,1968,7,0,79.3103448275862,127,Spain
186,91,24,False,True,Spain,33,8,3,10,2,1.242424242424242,2.6969696969696972,Maxi Gómez,Maximiliano,Gómez,344119,Forward,55,Valencia,2019/2020,True,Spain,LaLiga,6.696969696969697,2149,5,0,61.679790026246714,128,Uruguay
175,74,29,False,True,Spain,33,2,2,0,1,0.18181818181818102,2.606060606060606,Unai Bustinza,Unai,Bustinza,248088,Defender,825,Leganes,2019/2020,True,Spain,LaLiga,6.696666666666666,2691,8,0,69.10994764397905,129,Spain
182,68,32,False,True,Spain,29,2,0,1,2,0.448275862068965,0.5172413793103441,Míchel,Miguel Alfonso,Herrero Javaloyas,106868,Midfielder,58,Real Valladolid,2019/2020,True,Spain,LaLiga,6.695517241379311,2189,6,0,81.61094224924013,130,Spain
178,70,26,False,True,Spain,28,7,1,3,3,0.5714285714285711,0.321428571428571,Óliver Torres,Óliver,Torres,113708,Midfielder,67,Sevilla,2019/2020,True,Spain,LaLiga,6.694642857142859,1609,5,0,82.61327713382508,131,Spain
177,70,31,False,False,Spain,29,3,0,2,4,0.7931034482758621,0.413793103448275,Aleix Vidal,Aleix,Vidal,82630,Defender,60,Deportivo Alaves,2019/2020,True,Spain,LaLiga,6.694137931034483,2178,6,0,76.95530726256983,132,Spain
181,72,27,False,False,Spain,27,7,0,1,3,1.74074074074074,5.0,Jonathan Calleri,Jonathan,Calleri,133445,Forward,70,Espanyol,2019/2020,True,Spain,LaLiga,6.694074074074074,1816,4,1,52.94117647058824,133,Argentina
191,87,29,False,False,Spain,24,11,1,1,2,1.541666666666666,5.375,Guido Carrillo,Guido,Carrillo,125379,Forward,825,Leganes,2019/2020,True,Spain,LaLiga,6.691250000000001,1210,2,0,63.38028169014085,134,Argentina
186,78,26,False,True,Spain,38,4,1,6,1,1.263157894736842,1.710526315789473,Iñaki Williams,Iñaki,Williams,255182,Forward,53,Athletic Bilbao,2019/2020,True,Spain,LaLiga,6.689473684210528,2959,3,0,74.49768160741885,135,Spain
179,68,24,False,True,Spain,21,7,2,2,2,1.095238095238095,0.14285714285714202,Gonçalo Guedes,Gonçalo Manuel,Ganchinho Guedes,247995,Midfielder,55,Valencia,2019/2020,True,Spain,LaLiga,6.685714285714286,1268,3,0,79.68036529680366,136,Portugal
173,68,26,False,False,Spain,35,0,0,1,3,0.542857142857142,0.9714285714285711,Lucas Olaza,Lucas,Olaza,146763,Defender,62,Celta Vigo,2019/2020,True,Spain,LaLiga,6.683714285714288,3143,5,0,77.57731958762886,137,Uruguay
192,83,32,False,False,Spain,25,1,1,0,0,0.48,3.2,Dimitrios Siovas,Dimitrios,Siovas,79755,Defender,825,Leganes,2019/2020,True,Spain,LaLiga,6.683199999999999,1924,7,0,69.68152866242038,138,Greece
185,81,27,False,True,Spain,23,1,1,1,0,0.17391304347826,3.043478260869565,Kenneth Omeruo,Kenneth,Omeruo,104432,Defender,825,Leganes,2019/2020,True,Spain,LaLiga,6.680869565217391,1878,5,0,70.48192771084338,139,Nigeria
188,83,27,False,True,Spain,25,1,0,2,0,0.24,3.6,Rodrigo Ely,Rodrigo,Ely,97262,Defender,60,Deportivo Alaves,2019/2020,True,Spain,LaLiga,6.679600000000001,2126,9,1,75.47806524184477,140,Brazil
192,80,26,False,True,Spain,36,2,2,3,1,0.36111111111111105,2.194444444444444,Domingos Duarte,Domingos de Sousa,Coutinho Meneses Duarte,322772,Defender,925,Granada,2019/2020,True,Spain,LaLiga,6.676666666666668,3087,7,0,77.81324820430966,141,Portugal
174,63,32,False,True,Spain,23,2,0,0,2,0.39130434782608703,0.43478260869565205,Nacho,José Ignacio,Martínez García,121544,Defender,58,Real Valladolid,2019/2020,True,Spain,LaLiga,6.676521739130433,1894,2,0,71.85273159144893,142,Spain
178,71,37,False,True,Spain,35,4,0,5,3,0.9714285714285711,0.457142857142857,Salva Sevilla,Salvador,Sevilla,33222,Midfielder,51,Mallorca,2019/2020,True,Spain,LaLiga,6.674857142857144,2580,8,1,86.99748743718592,143,Spain
171,70,26,False,True,Spain,33,11,1,5,6,1.303030303030303,0.36363636363636304,Ángel Correa,Ángel,Correa,127604,Forward,63,Atletico,2019/2020,True,Spain,LaLiga,6.672424242424243,2065,5,0,76.86703096539162,144,Argentina
178,68,24,False,True,Spain,35,11,2,4,1,0.9714285714285711,1.228571428571428,Edu Expósito,Eduardo,Expósito,335696,Midfielder,824,Eibar,2019/2020,True,Spain,LaLiga,6.671714285714286,2311,3,0,81.45695364238411,145,Spain
191,80,24,False,True,Spain,34,1,0,2,1,0.29411764705882304,1.3823529411764701,Pau Torres,Pau,Torres,344259,Defender,839,Villarreal,2019/2020,True,Spain,LaLiga,6.670588235294119,2971,6,0,85.42490118577075,146,Spain
180,72,30,False,True,Spain,36,8,2,4,2,1.083333333333333,1.055555555555555,Óscar Plano,Óscar,Plano,141533,Forward,58,Real Valladolid,2019/2020,True,Spain,LaLiga,6.670277777777777,2510,6,0,72.71428571428571,147,Spain
187,80,24,False,True,Spain,31,6,0,1,0,0.41935483870967705,2.870967741935484,Robin Le Normand,Robin,Le Normand,367008,Defender,68,Real Sociedad,2019/2020,True,Spain,LaLiga,6.666451612903225,2390,6,0,87.8401852924146,148,France
184,78,33,False,True,Spain,20,3,0,1,0,0.1,2.2,Tomás Pina,Tomás,Pina,83504,Midfielder,60,Deportivo Alaves,2019/2020,True,Spain,LaLiga,6.666000000000001,1350,4,1,80.03802281368822,149,Spain
178,75,29,False,True,Spain,29,12,0,2,4,0.896551724137931,0.5172413793103441,Manu Trigueros,Manuel,Trigueros Muñoz,102234,Midfielder,839,Villarreal,2019/2020,True,Spain,LaLiga,6.663448275862069,1544,6,0,87.95454545454545,150,Spain
176,73,20,False,True,Spain,29,17,2,3,1,1.310344827586206,0.137931034482758,Vinícius Júnior,Vinicius José,Paixão de Oliveira Júnior,337782,Forward,52,Real Madrid,2019/2020,True,Spain,LaLiga,6.6613793103448256,1354,4,0,80.67729083665338,151,Brazil
180,71,27,False,True,Spain,22,5,0,0,1,0.409090909090909,3.0,Aritz Elustondo,Aritz,Elustondo,256864,Defender,68,Real Sociedad,2019/2020,True,Spain,LaLiga,6.660454545454544,1504,4,0,81.95020746887967,152,Spain
187,85,29,False,True,Spain,36,0,0,0,2,0.0,0.33333333333333304,Marc-André ter Stegen,Marc-André,ter Stegen,80774,Goalkeeper,65,Barcelona,2019/2020,True,Spain,LaLiga,6.6580555555555545,3240,1,0,86.43256185155627,153,Germany
167,66,28,False,True,Spain,35,10,3,7,8,1.171428571428571,0.542857142857142,Portu,Cristian,Portugués Manzanera,106895,Forward,68,Real Sociedad,2019/2020,True,Spain,LaLiga,6.657714285714286,2395,5,0,72.62969588550983,154,Spain
186,81,36,False,True,Spain,36,0,1,0,0,0.0,0.22222222222222202,Manolo Reina,Manuel,Reina,36262,Goalkeeper,51,Mallorca,2019/2020,True,Spain,LaLiga,6.657500000000002,3240,4,0,56.8762278978389,155,Spain
184,78,32,False,True,Spain,28,1,1,1,1,0.21428571428571402,1.25,Sergio Postigo,Sergio,Postigo,109896,Defender,832,Levante,2019/2020,True,Spain,LaLiga,6.6557142857142875,2376,6,0,81.73828125,156,Spain
186,77,28,False,True,Spain,26,4,0,1,0,0.038461538461538006,1.692307692307692,Nemanja Radoja,Nemanja,Radoja,239053,Midfielder,832,Levante,2019/2020,True,Spain,LaLiga,6.654230769230769,1994,3,0,85.53846153846155,157,Serbia
188,83,32,False,True,Spain,23,9,1,5,4,1.521739130434782,3.1304347826086962,Diego Costa,Diego,Da Silva Costa,24248,Forward,63,Atletico,2019/2020,True,Spain,LaLiga,6.65304347826087,1351,5,0,68.97506925207756,158,Spain
187,72,29,False,True,Spain,34,0,1,0,0,0.14705882352941102,2.5294117647058822,Djené Dakonam,Djené,Dakonam,332990,Defender,819,Getafe,2019/2020,True,Spain,LaLiga,6.644117647058824,3060,5,0,69.36758893280633,159,Togo
181,70,21,False,True,Spain,27,6,0,6,1,2.3703703703703702,0.703703703703703,João Félix,João Félix,Sequeira,362431,Forward,63,Atletico,2019/2020,True,Spain,LaLiga,6.644074074074074,1748,6,0,78.85375494071147,160,Portugal
192,84,31,False,False,Spain,19,1,1,1,2,0.5263157894736841,2.368421052631578,Zouhair Feddal,Zouhair,Feddal,106597,Defender,54,Real Betis,2019/2020,True,Spain,LaLiga,6.643157894736842,1436,10,2,84.62962962962963,161,Morocco
184,78,29,False,True,Spain,29,0,0,0,0,0.379310344827586,2.103448275862069,Aïssa Mandi,Aïssa,Mandi,90115,Defender,54,Real Betis,2019/2020,True,Spain,LaLiga,6.642068965517242,2578,10,0,89.71078976640712,162,Algeria
190,88,23,False,True,Spain,34,0,3,0,0,0.0,0.264705882352941,Unai Simón,Unai,Simón,332823,Goalkeeper,53,Athletic Bilbao,2019/2020,True,Spain,LaLiga,6.640294117647059,2992,2,1,55.15088449531738,163,Spain
178,73,32,False,True,Spain,26,1,0,1,1,0.807692307692307,1.346153846153846,Rubén Pérez,Rubén,Pérez,67480,Midfielder,825,Leganes,2019/2020,True,Spain,LaLiga,6.638461538461537,2196,10,0,77.75800711743773,164,Spain
182,74,30,False,True,Spain,25,3,0,0,2,0.56,1.6800000000000002,Mario Gaspar,Mario Gaspar,Pérez Martínez,79909,Defender,839,Villarreal,2019/2020,True,Spain,LaLiga,6.636000000000001,1962,2,0,75.0,165,Spain
172,66,25,False,True,Spain,24,1,0,0,1,0.375,0.875,José Gayà,José,Gayà,119817,Defender,55,Valencia,2019/2020,True,Spain,LaLiga,6.635833333333333,1989,5,0,80.05050505050505,166,Spain
174,71,29,False,True,Spain,23,5,1,0,1,0.6086956521739131,0.478260869565217,Fran Gámez,Francisco,Gámez,381646,Defender,51,Mallorca,2019/2020,True,Spain,LaLiga,6.631739130434782,1766,5,0,75.23961661341852,167,Spain
172,70,21,False,True,Spain,37,17,1,3,2,1.297297297297297,0.40540540540540504,Samuel Chukwueze,Samuel,Chukwueze,363665,Midfielder,839,Villarreal,2019/2020,True,Spain,LaLiga,6.631621621621623,2039,2,0,74.09470752089136,168,Nigeria
192,85,31,False,False,Spain,26,0,1,3,0,0.846153846153846,4.5,Bernardo Espinosa,Bernardo,Espinosa,67327,Defender,70,Espanyol,2019/2020,True,Spain,LaLiga,6.629615384615383,2261,5,1,74.1906474820144,169,Colombia
188,70,25,False,True,Spain,33,0,2,0,0,0.0,0.30303030303030304,Rubén Blanco,Rubén,Blanco,120335,Goalkeeper,62,Celta Vigo,2019/2020,True,Spain,LaLiga,6.614545454545453,2961,4,0,58.536585365853654,170,Spain
180,79,24,False,True,Spain,33,4,0,0,1,0.42424242424242403,2.03030303030303,Igor Zubeldia,Igor,Zubeldia,315566,Midfielder,68,Real Sociedad,2019/2020,True,Spain,LaLiga,6.614242424242424,2639,9,0,87.40390301596689,171,Spain
179,69,31,False,True,Spain,20,2,1,0,2,0.1,0.8,Toño,Antonio,García Aranda,243187,Defender,832,Levante,2019/2020,True,Spain,LaLiga,6.610000000000001,1590,2,0,79.38288920056101,172,Spain
180,74,35,False,True,Spain,33,3,0,7,4,1.0,1.424242424242424,Roberto Soldado,Roberto,Soldado,18275,Forward,925,Granada,2019/2020,True,Spain,LaLiga,6.609696969696969,2363,14,0,69.96268656716418,173,Spain
191,79,26,False,True,Spain,25,0,0,0,0,0.04,0.28,Álex Remiro,Alejandro,Remiro,270504,Goalkeeper,68,Real Sociedad,2019/2020,True,Spain,LaLiga,6.609599999999998,2250,0,0,72.64038231780168,174,Spain
176,75,31,False,True,Spain,23,1,0,0,0,0.30434782608695604,1.478260869565217,Ximo Navarro,Joaquín,Navarro Jiménez,100881,Defender,60,Deportivo Alaves,2019/2020,True,Spain,LaLiga,6.608695652173914,1904,8,0,75.37091988130564,175,Spain
188,66,27,False,True,Spain,36,15,0,10,3,1.444444444444444,1.166666666666666,Loren Morón,Lorenzo,Morón,351684,Forward,54,Real Betis,2019/2020,True,Spain,LaLiga,6.606944444444443,2032,2,1,66.18181818181819,176,Spain
182,74,24,False,False,Spain,34,10,1,8,2,1.3823529411764701,1.0,Borja Mayoral,Borja,Mayoral,278721,Forward,832,Levante,2019/2020,True,Spain,LaLiga,6.606176470588234,2149,2,0,79.34782608695652,177,Spain
182,76,28,False,False,Spain,23,5,1,0,1,0.9130434782608691,2.695652173913043,Gonzalo Escalante,Gonzalo,Escalante,127764,Midfielder,824,Eibar,2019/2020,True,Spain,LaLiga,6.603478260869565,1672,7,1,68.72037914691943,178,Argentina
186,76,26,False,True,Spain,24,11,1,3,3,1.0,0.16666666666666602,Adnan Januzaj,Adnan,Januzaj,130334,Midfielder,68,Real Sociedad,2019/2020,True,Spain,LaLiga,6.603333333333334,1168,3,0,70.44917257683215,179,Belgium
180,81,30,False,True,Spain,36,3,1,0,1,0.388888888888888,1.75,Dani García,Daniel,García Carrillo,127392,Midfielder,53,Athletic Bilbao,2019/2020,True,Spain,LaLiga,6.603055555555556,3027,11,0,81.39841688654353,180,Spain
188,87,28,False,True,Spain,38,0,0,0,0,0.0,0.052631578947368,Jan Oblak,Jan,Oblak,76662,Goalkeeper,63,Atletico,2019/2020,True,Spain,LaLiga,6.599736842105264,3396,0,0,54.88095238095239,181,Slovenia
180,71,35,False,False,Spain,26,0,0,0,0,0.23076923076923,1.692307692307692,Javi Moyano,Javier,Moyano Lujano,135330,Defender,58,Real Valladolid,2019/2020,True,Spain,LaLiga,6.598461538461539,2231,4,0,70.49382716049382,182,Spain
184,76,32,False,True,Spain,35,2,2,2,0,0.257142857142857,1.4,Kiko Olivas,Francisco José,Olivas Alba,72286,Defender,58,Real Valladolid,2019/2020,True,Spain,LaLiga,6.598285714285714,2942,2,0,86.87106918238993,183,Spain
188,85,32,False,True,Spain,33,0,0,0,0,0.0,0.21212121212121202,Tomás Vaclik,Tomás,Vaclik,68732,Goalkeeper,67,Sevilla,2019/2020,True,Spain,LaLiga,6.5981818181818195,2926,0,0,66.53696498054474,184,Czech Republic
186,79,31,False,True,Spain,27,7,1,5,1,2.185185185185185,4.222222222222222,Kike García,Enrique,García Martínez,79840,Forward,824,Eibar,2019/2020,True,Spain,LaLiga,6.597407407407409,1774,2,0,64.80331262939958,185,Spain
174,73,32,False,True,Spain,25,4,1,0,1,0.36,1.04,Roberto Rosales,Roberto,Rosales,40346,Defender,825,Leganes,2019/2020,True,Spain,LaLiga,6.596799999999999,1875,7,0,71.07309486780716,186,Venezuela
175,74,31,False,True,Spain,32,5,0,0,3,0.3125,1.0,Jorge Miramón,Jorge,Miramón,140767,Defender,832,Levante,2019/2020,True,Spain,LaLiga,6.595625,2431,4,1,78.39248434237996,187,Spain
174,70,22,False,False,Spain,19,3,0,1,2,0.36842105263157804,0.47368421052631504,Alejandro Pozo,Alejandro,Pozo,338365,Midfielder,51,Mallorca,2019/2020,True,Spain,LaLiga,6.595263157894737,1498,0,0,78.39506172839506,188,Spain
180,80,25,False,True,Spain,32,5,0,0,1,0.3125,1.59375,Joseph Aidoo,Joseph,Aidoo,320713,Defender,62,Celta Vigo,2019/2020,True,Spain,LaLiga,6.594687500000002,2500,4,0,86.27925746569815,189,Ghana
184,74,26,False,True,Spain,29,13,2,3,3,0.482758620689655,0.5862068965517241,Marcos Llorente,Marcos,Llorente,254582,Midfielder,63,Atletico,2019/2020,True,Spain,LaLiga,6.594137931034481,1368,4,0,78.83817427385893,190,Spain
172,74,31,False,False,Spain,29,7,0,1,3,0.9310344827586201,0.379310344827586,Roque Mesa,Roque,Mesa,108176,Midfielder,825,Leganes,2019/2020,True,Spain,LaLiga,6.593793103448278,2018,11,0,84.18491484184915,191,Spain
183,70,34,False,True,Spain,31,8,0,1,2,1.225806451612903,1.096774193548387,Pedro León,Pedro,León,23634,Midfielder,824,Eibar,2019/2020,True,Spain,LaLiga,6.593225806451612,1903,4,0,67.13147410358566,192,Spain
183,81,31,False,True,Spain,32,3,0,4,2,0.5,2.46875,David López,David,López,92691,Defender,70,Espanyol,2019/2020,True,Spain,LaLiga,6.589375,2462,3,1,80.02894356005788,193,Spain
185,73,25,False,True,Spain,36,1,0,0,0,0.416666666666666,1.777777777777777,Iddrisu Baba,Iddrisu,Baba,381644,Midfielder,51,Mallorca,2019/2020,True,Spain,LaLiga,6.586666666666666,2914,6,0,80.88119590873329,194,Ghana
184,78,29,False,True,Spain,35,4,4,8,2,1.6285714285714281,0.9428571428571421,Sergi Guardiola,Sergio,Guardiola Navarro,323135,Forward,58,Real Valladolid,2019/2020,True,Spain,LaLiga,6.585428571428571,2666,6,0,71.09375,195,Spain
185,80,31,False,True,Spain,28,17,0,3,2,0.5714285714285711,0.6071428571428571,Vitolo,Víctor,Machín Pérez,91430,Midfielder,63,Atletico,2019/2020,True,Spain,LaLiga,6.583571428571429,1222,3,0,81.87134502923976,196,Spain
179,68,27,False,True,Spain,31,6,0,0,4,0.7741935483870961,0.6451612903225801,Álex Moreno,Alexandre,Moreno Lopera,135374,Defender,54,Real Betis,2019/2020,True,Spain,LaLiga,6.581290322580645,2267,5,0,78.48360655737704,197,Spain
178,76,33,False,True,Spain,24,2,0,1,0,0.583333333333333,2.333333333333333,Anaitz Arbilla,Anaitz,Arbilla,91438,Defender,824,Eibar,2019/2020,True,Spain,LaLiga,6.579999999999999,2007,5,0,72.65193370165746,198,Spain
181,74,31,False,True,Spain,35,5,0,1,6,0.457142857142857,1.457142857142857,Daniel Wass,Daniel,Wass,27254,Midfielder,55,Valencia,2019/2020,True,Spain,LaLiga,6.578285714285713,2732,7,0,80.55130168453293,199,Denmark
182,72,29,False,True,Spain,23,3,0,0,2,0.17391304347826,1.434782608695652,Carlos Clerc,Carlos,Clerc,106595,Defender,832,Levante,2019/2020,True,Spain,LaLiga,6.578260869565218,1846,4,0,72.08333333333333,200,Spain
171,62,33,False,False,Spain,20,4,0,0,1,0.15,0.9500000000000001,Jaume Costa,Jaume,Costa,69965,Defender,55,Valencia,2019/2020,True,Spain,LaLiga,6.577999999999998,1391,3,1,83.28488372093024,201,Spain
184,78,33,False,False,Spain,31,15,0,1,3,0.7741935483870961,0.5806451612903221,Ivan Rakitic,Ivan,Rakitic,22732,Midfielder,65,Barcelona,2019/2020,True,Spain,LaLiga,6.574516129032259,1589,5,0,90.0137741046832,202,Croatia
180,75,25,False,True,Spain,31,1,0,0,1,0.6129032258064511,1.806451612903225,Rubén Duarte,Rubén,Duarte,261286,Defender,60,Deportivo Alaves,2019/2020,True,Spain,LaLiga,6.572580645161289,2663,11,0,67.65005086469989,203,Spain
185,74,31,False,True,Spain,30,2,0,0,0,0.533333333333333,2.1,Dídac Vilá,Dídac,Vilá,70699,Defender,70,Espanyol,2019/2020,True,Spain,LaLiga,6.567999999999999,2494,9,0,69.19999999999999,204,Spain
184,74,24,False,False,Spain,35,0,0,2,1,0.914285714285714,0.9714285714285711,Marc Roca,Marc,Roca,323148,Midfielder,70,Espanyol,2019/2020,True,Spain,LaLiga,6.566857142857143,3019,8,0,81.1377245508982,205,Spain
176,74,29,False,False,Spain,26,5,0,0,0,0.34615384615384603,0.923076923076923,Francis Coquelin,Francis,Coquelin,69738,Midfielder,55,Valencia,2019/2020,True,Spain,LaLiga,6.557307692307694,1908,6,1,89.738430583501,206,France
181,77,25,False,True,Spain,34,13,1,6,3,1.3823529411764701,2.588235294117647,Santi Mina,Santiago,Mina Lorenzo,125838,Forward,62,Celta Vigo,2019/2020,True,Spain,LaLiga,6.55470588235294,1942,4,0,70.88414634146342,207,Spain
186,80,24,False,True,Spain,20,4,0,0,0,0.4,2.5,Unai Núñez,Unai,Núñez,344200,Defender,53,Athletic Bilbao,2019/2020,True,Spain,LaLiga,6.552000000000001,1569,7,0,82.43430152143844,208,Spain
192,82,27,False,True,Spain,19,1,0,0,0,0.0,0.26315789473684204,Sergio Herrera,Sergio,Herrera,381674,Goalkeeper,131,Osasuna,2019/2020,True,Spain,LaLiga,6.548947368421052,1655,2,1,40.11194029850746,209,Spain
188,72,39,False,False,Spain,34,11,1,5,3,0.9411764705882351,2.5,Jorge Molina,Jorge,Molina,31151,Forward,819,Getafe,2019/2020,True,Spain,LaLiga,6.545882352941176,1895,6,1,65.27777777777779,210,Spain
172,63,26,False,True,Spain,23,5,1,0,1,0.826086956521739,0.21739130434782603,Toni Villa,Laureano Antonio,Villa Suárez,362355,Midfielder,58,Real Valladolid,2019/2020,True,Spain,LaLiga,6.544347826086955,1365,4,0,74.7016706443914,211,Spain
196,89,39,False,True,Spain,36,0,0,0,0,0.0,0.16666666666666602,Diego López,Diego,López,10445,Goalkeeper,70,Espanyol,2019/2020,True,Spain,LaLiga,6.543888888888889,3233,3,1,54.17895771878073,212,Spain
180,76,24,False,False,Spain,24,3,1,1,4,1.166666666666666,0.708333333333333,Iñigo Córdoba,Iñigo,Córdoba,344201,Midfielder,53,Athletic Bilbao,2019/2020,True,Spain,LaLiga,6.54375,1455,4,0,72.72727272727273,213,Spain
183,70,24,False,False,Spain,19,2,0,0,2,0.157894736842105,0.5263157894736841,Xavi Quintillá,Xavi,Quintillá,369884,Defender,839,Villarreal,2019/2020,True,Spain,LaLiga,6.542105263157894,1573,6,0,85.67901234567901,214,Spain
184,73,25,False,False,Spain,21,6,0,1,0,0.7142857142857141,0.6190476190476191,Alfonso Pedraza,Alfonso,Pedraza,276489,Midfielder,54,Real Betis,2019/2020,True,Spain,LaLiga,6.536666666666666,1350,3,0,76.59574468085107,215,Spain
172,68,34,False,True,Spain,32,23,1,10,3,1.65625,0.9375,Ángel Rodríguez,Ángel,Rodríguez,22325,Forward,819,Getafe,2019/2020,True,Spain,LaLiga,6.534687499999999,1397,6,0,63.76811594202898,216,Spain
182,77,25,False,False,Spain,19,16,1,1,3,0.7368421052631571,0.36842105263157804,Kenedy,Robert Kenedy,Nunes do Nascimento,132838,Forward,819,Getafe,2019/2020,True,Spain,LaLiga,6.5336842105263155,578,2,0,71.3375796178344,217,Brazil
180,69,26,False,False,Spain,22,7,0,3,1,0.772727272727272,0.318181818181818,Álvaro Vadillo,Álvaro,Vadillo,106591,Midfielder,925,Granada,2019/2020,True,Spain,LaLiga,6.533181818181817,1222,0,0,73.80281690140845,218,Spain
170,75,23,False,False,Spain,30,23,0,2,1,1.633333333333333,0.30000000000000004,Javier Ontiveros,Javier,Ontiveros,300365,Midfielder,839,Villarreal,2019/2020,True,Spain,LaLiga,6.529333333333334,875,2,0,80.71748878923766,219,Spain
189,78,24,False,True,Spain,21,6,1,0,0,0.047619047619047006,1.809523809523809,Mouctar Diakhaby,Mouctar,Diakhaby,322095,Defender,55,Valencia,2019/2020,True,Spain,LaLiga,6.526666666666666,1441,5,0,88.81987577639751,220,France
186,81,28,False,True,Spain,27,0,1,0,0,0.0,0.148148148148148,Fernando Pacheco,Fernando,Pacheco,95915,Goalkeeper,60,Deportivo Alaves,2019/2020,True,Spain,LaLiga,6.5244444444444465,2359,0,1,53.52697095435685,221,Spain
175,70,24,False,True,Spain,23,3,0,1,0,0.6086956521739131,0.7826086956521741,Lumor Agbenyenu,Lumor,Agbenyenu,333333,Defender,51,Mallorca,2019/2020,True,Spain,LaLiga,6.522608695652173,1808,3,1,74.7005988023952,222,Ghana
187,76,36,False,True,Spain,27,0,1,0,0,0.0,0.44444444444444403,Iván Cuéllar,Iván,Cuéllar,11188,Goalkeeper,825,Leganes,2019/2020,True,Spain,LaLiga,6.520740740740741,2430,2,1,43.91608391608391,223,Spain
185,80,31,False,True,Spain,22,12,1,3,0,0.8636363636363631,2.0,David Timor,David,Timor,96448,Midfielder,819,Getafe,2019/2020,True,Spain,LaLiga,6.5195454545454545,940,4,0,60.19900497512438,224,Spain
186,75,27,False,False,Spain,29,2,0,1,1,0.344827586206896,2.448275862068965,Diego Llorente,Diego,Llorente,123232,Defender,68,Real Sociedad,2019/2020,True,Spain,LaLiga,6.5103448275862075,2330,5,1,87.30061349693251,225,Spain
189,93,29,False,False,Spain,37,13,0,11,1,1.594594594594594,1.135135135135135,Willian José,Willian José,Da Silva,77636,Forward,68,Real Sociedad,2019/2020,True,Spain,LaLiga,6.508378378378379,2018,4,0,72.17235188509873,226,Brazil
174,67,28,False,True,Spain,25,16,0,1,0,0.76,0.44,Pablo Hervías,Pablo,Hervías,121734,Midfielder,58,Real Valladolid,2019/2020,True,Spain,LaLiga,6.506800000000001,1013,1,0,83.44155844155844,227,Spain
178,72,26,False,True,Spain,33,1,1,1,2,0.6060606060606061,1.181818181818181,Jonathan Silva,Jonathan,Silva,125376,Defender,825,Leganes,2019/2020,True,Spain,LaLiga,6.505757575757576,2787,13,1,72.17821782178217,228,Argentina
174,72,33,False,False,Spain,26,5,0,0,1,0.384615384615384,1.5384615384615379,Víctor Sánchez,Víctor,Sánchez,33556,Midfielder,70,Espanyol,2019/2020,True,Spain,LaLiga,6.493846153846154,1692,9,1,80.55555555555556,229,Spain
185,80,31,False,True,Spain,31,0,0,1,2,0.32258064516129004,2.129032258064516,Víctor Laguardia,Víctor,Laguardia,79708,Defender,60,Deportivo Alaves,2019/2020,True,Spain,LaLiga,6.492903225806451,2658,9,1,72.38454288407164,230,Spain
171,61,25,False,True,Spain,29,7,0,0,3,0.275862068965517,0.137931034482758,Aleix Febas,Aleix,Febas,381643,Midfielder,51,Mallorca,2019/2020,True,Spain,LaLiga,6.492068965517241,1700,4,0,85.01483679525222,231,Spain
192,85,28,False,True,Spain,38,0,1,0,0,0.0,0.157894736842105,David Soria,David,Soria,243262,Goalkeeper,819,Getafe,2019/2020,True,Spain,LaLiga,6.490526315789473,3420,2,0,41.99451052150046,232,Spain
180,77,35,False,True,Spain,30,5,0,1,0,0.9,2.2,Pape Diop,Papakouly,Diop,27384,Midfielder,824,Eibar,2019/2020,True,Spain,LaLiga,6.486999999999999,2259,7,0,72.64516129032258,233,Senegal
179,74,30,False,True,Spain,36,10,4,11,1,1.583333333333333,1.027777777777777,Roger Martí,Roger,Martí,109811,Forward,832,Levante,2019/2020,True,Spain,LaLiga,6.4833333333333325,2272,4,1,65.58139534883722,234,Spain
169,60,34,False,True,Spain,28,3,0,0,3,0.42857142857142805,0.5,Andrés Guardado,Andrés,Guardado,21019,Midfielder,54,Real Betis,2019/2020,True,Spain,LaLiga,6.482142857142858,2056,9,0,84.4574780058651,235,Mexico
189,86,22,False,True,Spain,27,12,0,1,0,0.481481481481481,0.8148148148148141,Jon Moncayola,Jon,Moncayola,381673,Midfielder,131,Osasuna,2019/2020,True,Spain,LaLiga,6.48,1493,4,0,75.43859649122807,236,Spain
180,76,32,False,True,Spain,35,0,2,0,0,0.0,0.171428571428571,Jordi Masip,Jordi,Masip,91254,Goalkeeper,58,Real Valladolid,2019/2020,True,Spain,LaLiga,6.479428571428571,3150,2,0,47.30603448275862,237,Spain
175,71,25,False,False,Spain,24,9,0,3,1,1.833333333333333,0.45833333333333304,Sandro Ramírez,Sandro,Ramírez,135242,Forward,58,Real Valladolid,2019/2020,True,Spain,LaLiga,6.478750000000001,1308,2,0,75.77639751552795,238,Spain
191,83,28,False,True,Spain,20,7,0,0,1,0.7000000000000001,1.8,Mikel Vesga,Mikel,Vesga,261516,Midfielder,53,Athletic Bilbao,2019/2020,True,Spain,LaLiga,6.478499999999999,1264,3,0,81.02466793168881,239,Spain
165,65,33,False,False,Spain,30,15,0,2,3,0.5,0.8,Pablo De Blasis,Pablo,De Blasis,41395,Midfielder,824,Eibar,2019/2020,True,Spain,LaLiga,6.468333333333332,1595,1,0,71.02425876010781,240,Argentina
194,94,29,False,True,Spain,35,0,0,0,0,0.028571428571428,0.342857142857142,Marko Dmitrovic,Marko,Dmitrovic,259393,Goalkeeper,824,Eibar,2019/2020,True,Spain,LaLiga,6.466285714285716,3150,3,0,40.88568486096808,241,Serbia
181,77,31,False,True,Spain,30,9,1,1,4,0.9333333333333331,3.833333333333333,Sergi Enrich,Sergi,Enrich,83358,Forward,824,Eibar,2019/2020,True,Spain,LaLiga,6.463333333333334,1873,6,0,69.62264150943396,242,Spain
174,64,24,False,True,Spain,26,1,0,0,1,0.30769230769230704,0.923076923076923,Carlos Neva,Carlos,Neva,381672,Defender,925,Granada,2019/2020,True,Spain,LaLiga,6.463076923076924,2211,2,0,70.38917089678512,243,Spain
187,82,32,False,True,Spain,31,20,0,3,0,0.5161290322580641,1.161290322580645,Franco Vázquez,Franco,Vázquez,102439,Midfielder,67,Sevilla,2019/2020,True,Spain,LaLiga,6.457741935483872,1088,5,0,87.03403565640194,244,Argentina
169,59,32,False,True,Spain,29,6,1,2,3,1.379310344827586,0.482758620689655,Takashi Inui,Takashi,Inui,38820,Midfielder,824,Eibar,2019/2020,True,Spain,LaLiga,6.456896551724138,1965,2,0,78.1190019193858,245,Japan
189,79,28,False,False,Spain,20,7,1,0,1,0.1,1.85,José Antonio Martínez,José Antonio,Martínez,313121,Defender,925,Granada,2019/2020,True,Spain,LaLiga,6.4565,1188,0,0,73.71663244353182,246,Spain
180,71,27,False,True,Spain,36,7,0,2,1,1.444444444444444,0.777777777777777,Sergi Darder,Sergi,Darder,106596,Midfielder,70,Espanyol,2019/2020,True,Spain,LaLiga,6.456388888888889,2659,5,0,76.0549558390579,247,Spain
189,78,24,False,False,Spain,26,5,0,0,0,0.423076923076923,1.692307692307692,Chidozie Awaziem,Chidozie,Awaziem,290842,Defender,825,Leganes,2019/2020,True,Spain,LaLiga,6.453846153846154,1994,10,0,74.59893048128342,248,Nigeria
183,73,33,False,True,Spain,26,9,0,2,0,0.6923076923076921,1.653846153846153,Adrián López,Adrián,López,14089,Forward,131,Osasuna,2019/2020,True,Spain,LaLiga,6.452307692307692,1454,0,0,71.54639175257732,249,Spain
171,64,26,False,False,Spain,21,13,0,2,0,1.428571428571428,0.19047619047619002,Pione Sisto,Pione,Sisto,282855,Midfielder,62,Celta Vigo,2019/2020,True,Spain,LaLiga,6.444761904761905,887,2,0,82.66331658291458,250,Denmark
178,73,29,False,True,Spain,31,4,0,0,1,0.7096774193548381,1.483870967741935,Darko Brasanac,Darko,Brasanac,84880,Midfielder,131,Osasuna,2019/2020,True,Spain,LaLiga,6.4325806451612895,2251,8,0,73.59249329758714,251,Serbia
180,70,33,False,True,Spain,38,9,1,4,2,1.078947368421052,0.342105263157894,José Luis Morales,José Luis,Morales,135321,Midfielder,832,Levante,2019/2020,True,Spain,LaLiga,6.431578947368421,2529,3,0,69.06354515050167,252,Spain
187,80,29,False,True,Spain,32,0,0,1,0,0.4375,2.15625,Antonio Raíllo,Antonio,Raíllo,294006,Defender,51,Mallorca,2019/2020,True,Spain,LaLiga,6.425624999999999,2779,7,1,82.5938566552901,253,Spain
187,81,29,False,True,Spain,24,15,0,0,0,0.291666666666666,0.9166666666666661,Nemanja Gudelj,Nemanja,Gudelj,77417,Midfielder,67,Sevilla,2019/2020,True,Spain,LaLiga,6.424583333333334,1202,6,0,90.25875190258752,254,Serbia
195,78,30,False,True,Spain,33,0,2,0,0,0.0,0.15151515151515102,Joel Robles,Joel,Robles,81681,Goalkeeper,54,Real Betis,2019/2020,True,Spain,LaLiga,6.422727272727272,2888,3,1,69.87115956392468,255,Spain
187,70,25,False,True,Spain,36,0,0,0,0,0.416666666666666,1.527777777777777,Martin Valjent,Martin,Valjent,142387,Defender,51,Mallorca,2019/2020,True,Spain,LaLiga,6.421944444444445,3184,6,0,82.73858921161825,256,Slovakia
190,70,21,False,True,Spain,37,23,0,9,1,1.189189189189189,0.648648648648648,Alexander Isak,Alexander,Isak,299254,Forward,68,Real Sociedad,2019/2020,True,Spain,LaLiga,6.414324324324323,1500,4,0,73.35640138408304,257,Sweden
177,74,31,False,False,Spain,23,11,0,0,1,0.565217391304347,0.347826086956521,Fran Mérida,Francisco,Mérida Pérez,32860,Midfielder,131,Osasuna,2019/2020,True,Spain,LaLiga,6.413478260869566,1162,7,1,76.2532981530343,258,Spain
183,74,30,False,False,Spain,25,7,0,0,0,0.96,0.24,Recio,José Luis,García del Pozo,93820,Midfielder,825,Leganes,2019/2020,True,Spain,LaLiga,6.408400000000003,1573,11,0,87.51500600240097,259,Spain
176,74,25,False,False,Spain,25,12,0,0,0,0.64,0.24,Aitor Ruibal,Aitor,Ruibal,349494,Forward,825,Leganes,2019/2020,True,Spain,LaLiga,6.408399999999999,1218,5,0,77.45664739884393,260,Spain
178,74,33,False,True,Spain,22,11,0,2,1,0.8636363636363631,0.318181818181818,Iñigo Pérez,Iñigo,Pérez,82279,Midfielder,131,Osasuna,2019/2020,True,Spain,LaLiga,6.405454545454545,1074,4,0,76.73076923076924,261,Spain
183,77,27,False,True,Spain,25,11,0,2,1,0.72,1.24,Gonzalo Melero,Gonzalo,Melero,261698,Midfielder,832,Levante,2019/2020,True,Spain,LaLiga,6.404,1240,4,0,82.19424460431655,262,Spain
180,79,30,False,True,Spain,35,11,0,4,0,1.171428571428571,1.371428571428571,Lago Junior,Junior Wakalible,Lago,141036,Forward,51,Mallorca,2019/2020,True,Spain,LaLiga,6.401428571428571,2192,3,0,75.42768273716952,263,Côte d'Ivoire
180,70,23,False,True,Spain,28,10,0,0,0,0.25,1.0,Yan Eteki,Yan,Eteki,381671,Midfielder,925,Granada,2019/2020,True,Spain,LaLiga,6.394285714285713,1506,4,0,77.26161369193154,264,Cameroon
180,76,24,False,True,Spain,28,4,0,2,0,0.642857142857142,0.678571428571428,Carlos Soler,Carlos,Soler,313542,Midfielder,55,Valencia,2019/2020,True,Spain,LaLiga,6.388214285714285,2075,4,0,80.53977272727273,265,Spain
188,74,24,False,False,Spain,31,17,1,1,2,0.6774193548387091,1.290322580645161,Oliver Burke,Oliver,Burke,244303,Midfielder,60,Deportivo Alaves,2019/2020,True,Spain,LaLiga,6.38774193548387,1424,2,0,67.40506329113924,266,Scotland
187,76,24,False,True,Spain,32,16,0,0,2,0.7812500000000001,1.1875,Brais Méndez,Brais,Méndez,344542,Midfielder,62,Celta Vigo,2019/2020,True,Spain,LaLiga,6.387499999999998,1477,4,0,77.03125,267,Spain
172,70,33,False,True,Spain,29,12,1,6,2,0.6551724137931031,0.206896551724137,Kevin Gameiro,Kevin,Gameiro,19453,Forward,55,Valencia,2019/2020,True,Spain,LaLiga,6.380689655172415,1585,0,0,79.20792079207921,268,France
187,86,28,False,True,Spain,35,14,0,3,2,1.028571428571428,1.142857142857142,Borja Iglesias,Borja,Iglesias,259042,Forward,54,Real Betis,2019/2020,True,Spain,LaLiga,6.373142857142855,1922,3,1,74.83870967741936,269,Spain
179,76,37,False,True,Spain,30,17,1,6,0,0.833333333333333,2.166666666666666,Charles,Charles,Dias de Oliveira,102157,Forward,824,Eibar,2019/2020,True,Spain,LaLiga,6.368666666666669,1295,8,0,67.15976331360946,270,Brazil
170,66,22,False,True,Spain,28,6,1,1,0,0.5,0.28571428571428503,Fran Beltrán,Francisco,Beltrán,362421,Midfielder,62,Celta Vigo,2019/2020,True,Spain,LaLiga,6.366785714285713,1835,2,1,88.84976525821597,271,Spain
182,74,35,False,True,Spain,30,8,0,0,0,0.6333333333333331,2.666666666666666,Manu García,Manuel Alejandro,García Sánchez,67443,Midfielder,60,Deportivo Alaves,2019/2020,True,Spain,LaLiga,6.361333333333333,1967,9,1,72.05673758865248,272,Spain
188,78,32,False,True,Spain,34,3,0,2,0,0.38235294117647,1.058823529411764,Allan-Roméo Nyom,Allan-Roméo,Nyom,91434,Defender,819,Getafe,2019/2020,True,Spain,LaLiga,6.358529411764706,2436,13,2,58.87096774193549,273,Cameroon
174,66,29,False,True,Spain,33,12,0,4,0,1.363636363636363,1.03030303030303,Wu Lei,Lei,Wu,127220,Forward,70,Espanyol,2019/2020,True,Spain,LaLiga,6.355454545454547,1725,3,0,69.3950177935943,274,Cina
171,63,25,False,True,Spain,22,12,0,0,0,0.5,0.318181818181818,Thomas Lemar,Thomas,Lemar,132962,Midfielder,63,Atletico,2019/2020,True,Spain,LaLiga,6.355,923,2,0,82.59668508287292,275,France
168,66,23,False,True,Spain,21,11,0,0,3,1.0,0.09523809523809501,Matías Vargas,Matías,Vargas,280691,Midfielder,70,Espanyol,2019/2020,True,Spain,LaLiga,6.351904761904761,1020,1,0,69.02654867256636,276,Argentina
181,77,34,False,True,Spain,19,12,0,2,1,0.9473684210526311,0.7368421052631571,Carlos Bacca,Carlos,Bacca,71687,Forward,839,Villarreal,2019/2020,True,Spain,LaLiga,6.341578947368422,683,1,0,75.57251908396947,277,Colombia
174,68,24,False,True,Spain,25,5,0,0,0,0.12,1.28,Fede San Emeterio,Federico,San Emeterio Díaz,141641,Midfielder,58,Real Valladolid,2019/2020,True,Spain,LaLiga,6.3392,1754,4,0,80.14705882352942,278,Spain
184,76,29,False,True,Spain,30,10,0,0,2,0.133333333333333,0.6333333333333331,Nikola Vukcevic,Nikola,Vukcevic,50069,Midfielder,832,Levante,2019/2020,True,Spain,LaLiga,6.333999999999999,1574,11,0,88.13559322033898,279,Montenegro
178,69,24,False,True,Spain,31,8,0,1,1,0.09677419354838701,0.8387096774193541,Martín Aguirregabiria,Martín,Aguirregabiria,333111,Defender,60,Deportivo Alaves,2019/2020,True,Spain,LaLiga,6.325483870967742,2097,5,1,67.2872340425532,280,Spain
175,68,27,False,True,Spain,28,9,0,0,0,0.321428571428571,0.392857142857142,Luis Rioja,Luis,Rioja,381713,Forward,60,Deportivo Alaves,2019/2020,True,Spain,LaLiga,6.323928571428573,1642,3,0,76.11548556430446,281,Spain
176,69,22,False,True,Spain,20,9,0,1,0,0.6000000000000001,0.5,Adrià Pedrosa,Adrià,Pedrosa,363966,Defender,70,Espanyol,2019/2020,True,Spain,LaLiga,6.323000000000001,1082,3,0,77.11171662125341,282,Spain
181,80,25,False,True,Spain,21,12,0,0,2,0.8095238095238091,0.19047619047619002,Waldo Rubio,Waldo,Rubio,372423,Forward,58,Real Valladolid,2019/2020,True,Spain,LaLiga,6.32,875,6,0,64.96350364963503,283,Spain
169,67,28,False,False,Spain,25,11,0,2,0,0.8,0.76,Ramón Azeez,Ramón,Azeez,118266,Midfielder,925,Granada,2019/2020,True,Spain,LaLiga,6.311600000000002,1355,3,0,79.50819672131148,284,Nigeria
174,75,24,False,True,Spain,19,3,0,0,2,0.842105263157894,0.5789473684210521,Joan Sastre,Joan,Sastre,381642,Defender,51,Mallorca,2019/2020,True,Spain,LaLiga,6.297894736842104,1362,4,0,70.65217391304348,285,Spain
188,79,36,False,True,Spain,19,1,0,0,0,0.0,0.31578947368421,Rubén Martínez,Rubén,Martínez,9907,Goalkeeper,131,Osasuna,2019/2020,True,Spain,LaLiga,6.275263157894736,1583,0,0,45.51422319474836,286,Spain
179,74,30,False,True,Spain,24,15,0,1,2,0.9166666666666661,0.5,Denis Cheryshev,Denis,Cheryshev,110297,Midfielder,55,Valencia,2019/2020,True,Spain,LaLiga,6.272083333333335,920,5,0,71.66666666666667,287,Russia
180,70,29,False,False,Spain,20,15,0,2,0,1.1,0.15,Hernâni,Hernâni Jorge,Santos Fortes,106216,Forward,832,Levante,2019/2020,True,Spain,LaLiga,6.2695,644,1,1,64.40677966101694,288,Portugal
184,86,23,False,True,Spain,19,14,1,3,0,0.894736842105263,1.368421052631579,Asier Villalibre,Asier,Villalibre,331171,Forward,53,Athletic Bilbao,2019/2020,True,Spain,LaLiga,6.2389473684210515,525,0,0,64.35643564356435,289,Spain
178,75,20,False,True,Spain,19,14,0,1,0,0.5263157894736841,0.421052631578947,Borja Sainz,Borja,Sainz,381714,Midfielder,60,Deportivo Alaves,2019/2020,True,Spain,LaLiga,6.214736842105263,565,1,0,77.22772277227723,290,Spain
183,70,25,False,False,Spain,19,10,0,1,2,0.631578947368421,0.631578947368421,Marc Cardona,Marc,Cardona,331255,Forward,131,Osasuna,2019/2020,True,Spain,LaLiga,6.214736842105263,703,1,0,74.40476190476191,291,Spain
178,65,29,False,True,Spain,27,22,0,2,0,0.74074074074074,0.11111111111111101,Cristian Tello,Cristian,Tello,91800,Forward,54,Real Betis,2019/2020,True,Spain,LaLiga,6.207037037037036,772,1,0,79.71014492753623,292,Spain
167,63,23,False,True,Spain,24,12,0,0,0,0.125,0.25,Óscar Melendo,Óscar,Melendo,330626,Midfielder,70,Espanyol,2019/2020,True,Spain,LaLiga,6.168749999999999,1112,0,0,83.6734693877551,293,Spain
177,70,28,False,True,Spain,30,23,0,1,1,0.133333333333333,0.5666666666666661,Pere Pons,Pere,Pons,140929,Midfielder,60,Deportivo Alaves,2019/2020,True,Spain,LaLiga,6.156666666666667,1071,3,0,74.0053050397878,294,Spain
180,71,31,False,True,Spain,20,9,0,0,0,0.45,0.6000000000000001,Javier Eraso,Javier,Eraso,291684,Midfielder,825,Leganes,2019/2020,True,Spain,LaLiga,6.118,817,3,0,80.08130081300813,295,Spain
178,73,32,False,True,Spain,22,16,0,1,0,1.0,0.5,Sergio León,Sergio,León,135610,Forward,832,Levante,2019/2020,True,Spain,LaLiga,6.096818181818183,664,2,0,58.620689655172406,296,Spain
174,72,23,False,False,Spain,20,11,0,0,0,0.8,0.75,Víctor Campuzano,Víctor,Campuzano,369424,Forward,70,Espanyol,2019/2020,True,Spain,LaLiga,6.088500000000002,868,2,0,65.95744680851064,297,Spain
186,80,26,False,False,Spain,20,15,0,1,1,0.35000000000000003,1.1,Gabriel Fernández,Gabriel,Fernández,381581,Forward,62,Celta Vigo,2019/2020,True,Spain,LaLiga,6.079000000000001,554,3,1,66.01941747572816,298,Uruguay
181,81,28,False,True,Spain,20,20,0,0,0,0.55,0.6000000000000001,Abdón Prats,Abdón,Prats,9270,Forward,51,Mallorca,2019/2020,True,Spain,LaLiga,5.9915,261,1,0,65.21739130434783,299,Spain
